[
  {
    "host": "github.com",
    "port": 443
  },
  {
    "host": "edge-consumer-static.azureedge.net",
    "port": 443
  },
  {
    "host": "collector.githubapp.com",
    "port": 443
  },
  {
    "host": "github.githubassets.com",
    "port": 443
  },
  {
    "host": "collector.github.com",
    "port": 443
  },
  {
    "host": "alive.github.com",
    "port": 443
  },
  {
    "host": "central.github.com",
    "port": 443
  },
  {
    "host": "api.github.com",
    "port": 443
  },
  {
    "host": "desktop.githubusercontent.com",
    "port": 443
  },
  {
    "host": "analytics.githubassets.com",
    "port": 443
  },
  {
    "host": "avatars.githubusercontent.com",
    "port": 443
  },
  {
    "host": "login.live.com",
    "port": 443
  },
  {
    "host": "raw.githubusercontent.com",
    "port": 443
  },
  {
    "host": "desktop.github.com",
    "port": 443
  }
]